Station name ,Climate ID,Province/Territory/State,Latitude,Longitude
ABBEY,4020020,SK,50.7,-108.7833
ABBOTSFORD A,1100030,BC,49.0253,-122.36
ACADIA FOREST EXP ST,8100100,NB,45.9903,-66.3633
ADDENBROKE ISLAND,1060080,BC,51.6035,-127.8639
AGASSIZ CDA,1100120,BC,49.2431,-121.7603
ALBERNI ROBERTSON CREEK,1030230,BC,49.3372,-124.982
ALBERTON,8300080,PE,46.85,-64.0167
ALLISTON NELSON,6110218,ON,44.1514,-79.8722
ALMA,8100200,NB,45.6,-64.95
ALONSA,5040037,MB,50.8333,-99.05
ALTONA,5020040,MB,49.1,-97.55
AMULET,4010150,SK,49.6167,-104.7333
ANDREW,3010234,AB,54.0167,-112.2333
ANGERS,7030170,QC,45.55,-75.55
ARBORG,5030080,MB,50.9333,-97.0833
AROOSTOOK,8100300,NB,46.7122,-67.7156
ATHABASCA 2,3060321,AB,54.8217,-113.5397
ATLIN,1200560,BC,59.5667,-133.7
ATWATER,4010310,SK,50.8167,-102.2167
AVONMORE,6100398,ON,45.17,-74.9708
AYLSHAM,4070365,SK,53.2,-103.8
BABINE LAKE PINKUT CREEK,1070573,BC,54.4464,-125.4597
BAGOTVILLE A,7060400,QC,48.3333,-71
BAKER LAKE A,2300500,NU,64.2989,-96.0778
BALCARRES,4010395,SK,50.7833,-103.6167
BALDUR,5010140,MB,49.2764,-99.2924
BANGOR,8300128,PE,46.35,-62.6833
BARKERVILLE,1090660,BC,53.0692,-121.5147
BARRIE WPCC,6110557,ON,44.3758,-79.6897
BARWICK,6020559,ON,48.6333,-93.9667
BAY D'ESPOIR GEN STN,8400413,NL,47.9833,-55.8
BEAR RIVER,8200500,NS,44.5667,-65.6333
BEATRICE 2,6110606,ON,45.1333,-79.4
BEAUSEJOUR,7020567,QC,46.6667,-71.1667
BEAVER,5040166,MB,50.05,-98.7
BEAVER CREEK A,2100160,YT,62.4103,-140.8675
BEAVER MINES,3050600,AB,49.4672,-114.177
BEAVERDELL NORTH,1130771,BC,49.4783,-119.047
BEECHY,4020560,SK,50.832,-107.3114
BELLA COOLA,1060840,BC,52.3706,-126.685
BELLA COOLA A,1060841,BC,52.3875,-126.5958
BELLEVILLE,6150689,ON,44.1506,-77.3947
BIGGAR,4040600,SK,52.0667,-107.9833
BIGHORN DAM,30506GN,AB,52.3167,-116.3333
BINSCARTH,5010216,MB,50.5833,-101.2667
BLUE RIVER A,1160899,BC,52.129,-119.2895
BLYTH,6120819,ON,43.7183,-81.3836
BOAT BLUFF,1060901,BC,52.6431,-128.5239
BOAT HARBOUR,8400578,NL,47.4306,-54.8428
BON ACCORD,8100566,NB,46.6508,-67.5845
BONILLA ISLAND,1060902,BC,53.4928,-130.6377
BONSECOURS,7020828,QC,45.4,-72.2667
BOWMANVILLE MOSTERT,6150830,ON,43.9167,-78.6667
BRANDON A,5010480,MB,49.91,-99.9519
BRANDON CDA,5010485,MB,49.8667,-99.9833
BRANTFORD MOE,6140954,ON,43.1333,-80.2333
BRIDGE LAKE 2,1160986,BC,51.5038,-120.7935
BRIDGEWATER,8200600,NS,44.4,-64.55
BRIGHTVIEW,3010830,AB,52.9833,-113.7167
BROCKVILLE PCC,6100971,ON,44.6,-75.6667
BROME,7020840,QC,45.1833,-72.5667
BROMPTONVILLE,7020860,QC,45.4833,-71.95
BROOKS NORTH,3030862,AB,50.6167,-111.8833
BROWNFIELD,3010890,AB,52.3192,-111.4695
BUCHANS,8400698,NL,48.8167,-56.8667
BUFFALO NARROWS A,4060982,SK,55.8333,-108.4333
BURKETON MCLAUGHLIN,6151042,ON,44.0333,-78.8
BURNABY CAPITOL HILL,1101146,BC,49.2861,-122.9867
BURNABY SIMON FRASER U,1101158,BC,49.2784,-122.918
BURWASH A,2100182,YT,61.3667,-139.05
BUTTE ST PIERRE,4041000,SK,53.45,-109.2
CALGARY INT'L A,3031093,AB,51.1139,-114.0203
CALLING LAKE RS,3061117,AB,55.25,-113.1833
CALMAR,3011120,AB,53.2897,-113.8631
CAMBRIDGE BAY A,2400600,NU,69.1081,-105.1383
CAMPBELL RIVER A,1021261,BC,49.9519,-125.2731
CAMPBELL RIVER SURFSIDE,1021266,BC,49.945,-125.2075
CAMPSIE,3061200,AB,54.1322,-114.6778
CAMROSE,3011240,AB,53.05,-112.8167
CAP DES ROSIERS,7051055,QC,48.85,-64.2
CAPE BEALE LIGHT,1031316,BC,48.7861,-125.2161
CAPE MUDGE,1021330,BC,49.9985,-125.1955
CAPE SCOTT,1031353,BC,50.7822,-128.4272
CARDSTON,3031320,AB,49.1317,-113.242
CARIBOO LODGE,1171393,BC,52.7195,-119.4717
CARMANAH POINT,1031402,BC,48.6117,-124.7514
CARMANGAY VILLAGE,3031348,AB,50.1244,-113.1117
CARNDUFF,4011250,SK,49.2167,-101.75
CARTWRIGHT,8501100,NL,53.7083,-57.035
CARWAY,3031400,AB,48.9997,-113.3761
CASTLEGAR A,1141455,BC,49.2964,-117.6325
CASTLEGAR BCHPA DAM,1141457,BC,49.3434,-117.7742
CENTRAL SAANICH ISL VIEW,10114F6,BC,48.5733,-123.3921
CHAILEY,3011474,AB,53.55,-111.25
CHALK RIVER AECL,6101335,ON,46.05,-77.3667
CHAPLEAU A,6061361,ON,47.82,-83.3467
CHARLO A,8100880,NB,47.9833,-66.3333
CHARLOTTETOWN A,8300300,PE,46.2886,-63.1286
CHATHAM POINT,1021480,BC,50.3332,-125.4456
CHATHAM WPCP,6131415,ON,42.39,-82.2153
CHATSWORTH,6111467,ON,44.395,-80.9056
CHETWYND A,1181508,BC,55.6872,-121.6267
CHURCHILL A,5060600,MB,58.7392,-94.0664
CLARESHOLM MEADOW CREEK,3031F5F,AB,49.9375,-113.7375
CLARESHOLM WATERWORKS,3031658,AB,50.0189,-113.7106
CLAYDON,4031581,SK,49.1333,-109.1
CLEARDALE,307JF5R,AB,56.3333,-119.4833
CLYDE A,2400800,NU,70.4861,-68.5167
COATICOOK,7021840,QC,45.15,-71.8
COBOURG STP,6151689,ON,43.9667,-78.1833
CODERRE,4021600,SK,50.1333,-106.3667
COLD LAKE A,3081680,AB,54.4167,-110.2833
COLLEGEVILLE,8201000,NS,45.4833,-62.0167
COMBERMERE,6101820,ON,45.3667,-77.6167
COMOX A,1021830,BC,49.7167,-124.9
CONISTON STP,6061850,ON,46.4833,-80.85
CONNELLY CREEK,3031805,AB,49.6161,-114.215
COOKSTOWN,6111859,ON,44.2067,-79.6947
COOMBS,1021850,BC,49.3058,-124.4292
CORMACK,8401286,NL,49.3167,-57.4
CORNER BROOK,8401300,NL,48.95,-57.95
CORNWALL,6101874,ON,45.0156,-74.7489
CORONACH,4031844,SK,49.1167,-105.5167
COTE,4011846,SK,51.5167,-101.7833
COW HEAD,8401335,NL,49.9117,-57.7889
COWAN,5040FJ3,MB,52.0333,-100.65
COWICHAN LAKE FORESTRY,1012040,BC,48.8244,-124.1333
COWLEY OLIN CREEK,3031926,AB,49.7,-114.0667
CRAIGMYLE,3021940,AB,51.7667,-112.2833
CRANBROOK A,1152102,BC,49.6122,-115.7819
CRESSY,61519JM,ON,44.1,-76.85
CRESTON,1142160,BC,49.0971,-116.5178
CRESTON WPCC,1142164,BC,49.0956,-116.5294
CROSS LAKE,3.06E+04,AB,54.6328,-113.9136
CULLODEN EASEY,6141933,ON,42.8895,-80.8467
CUPAR,4011980,SK,50.85,-104.2667
CYPRESS HILLS,4021996,SK,49.6667,-109.4667
CYPRESS RIVER,5010640,MB,49.55,-99.0833
DAKOTA WEST,3011953,AB,52.75,-113.95
DALHOUSIE MILLS,6101958,ON,45.3167,-74.4667
DARFIELD,1162265,BC,51.2918,-120.1825
DAWSON A,2100402,YT,64.0431,-139.1278
DAWSON CREEK A,1182285,BC,55.7417,-120.1819
DEASE LAKE,1192340,BC,58.4283,-130.0106
DEER LAKE,8401500,NL,49.1667,-57.4333
DEER LAKE A,8401501,NL,49.2167,-57.4
DELTA MARSH CS,5040764,MB,50.1826,-98.3822
DEMING,8201410,NS,45.2164,-61.1778
DESCHAMBAULT,7011982,QC,46.6667,-71.9167
DOAKTOWN,8101200,NB,46.5525,-66.1403
DORSET MOE,6112072,ON,45.2167,-78.9333
DRUMHELLER ANDREW,3022136,AB,51.4667,-112.8667
DRUMMOND CENTRE,6102J13,ON,45.0322,-76.2528
DRUMMONDVILLE,7022160,QC,45.8833,-72.4833
DRURY CREEK,2100460,YT,62.2019,-134.39
DRYAD POINT,1062544,BC,52.185,-128.1122
DRYDEN A,6032119,ON,49.8333,-92.75
DUNCAN LAKE DAM,1142574,BC,50.2387,-116.9715
DUNCHURCH,6112133,ON,45.6167,-79.8833
DURHAM,6112171,ON,44.1833,-80.8167
DUVAL,4012300,SK,51.1833,-104.8667
DWIGHT,6082178,ON,45.3833,-78.9
EARLTON A,6072225,ON,47.7,-79.85
EASTLEIGH,4022328,SK,50.2833,-106.1833
ECKVILLE SOUTH,3022159,AB,52.2847,-114.3908
EDMONTON CITY CENTRE A,3012208,AB,53.5733,-113.5183
EDMONTON INT'L A,3012205,AB,53.3167,-113.5833
EDMONTON STONY PLAIN,301222F,AB,53.5475,-114.1084
EDMONTON WOODBEND,3012230,AB,53.4167,-113.75
EGG ISLAND,1062646,BC,51.2472,-127.8354
ELMWORTH CDA EPF,3072322,AB,55.1,-119.75
ELNORA,3022325,AB,51.9639,-113.1947
ELROSE,4022368,SK,51.1333,-108.0333
EMO RADBOURNE,602K300,ON,48.6833,-93.8333
EMPRESS,3022400,AB,50.9558,-110.0061
ESK,4012381,SK,51.8,-104.85
ESTEVAN A,4012400,SK,49.2167,-102.9667
ESTEVAN POINT,1032730,BC,49.3833,-126.5431
EUREKA A,2401200,NU,79.9833,-85.9333
EUREKA RIVER,3072475,AB,56.4833,-118.7333
EXETER,6122370,ON,43.35,-81.5
EXPLOITS DAM,8401550,NL,48.7667,-56.6
FABYAN,3012515,AB,52.9667,-111
FARMINGTON,8201766,NS,44.6333,-64.6667
FARNHAM,7022320,QC,45.3,-72.9
FARO A,2100517,YT,62.2069,-133.3733
FAUQUIER,1142820,BC,49.8719,-118.0675
FENWOOD,4012483,SK,51.15,-103.0667
FERGUS SHAND DAM,6142400,ON,43.7347,-80.3303
FERNIE,1152850,BC,49.4887,-115.0733
FERTILE,4012485,SK,49.3395,-101.4481
FLEURY,7022375,QC,45.8,-73
FLIN FLON,5050920,MB,54.7667,-101.8833
FLIN FLON A,5050960,MB,54.6833,-101.6833
FLINT,6042MJ7,ON,48.35,-89.6833
FOLDENS,6142420,ON,43.0184,-80.7808
FORDING RIVER COMINCO,1152899,BC,50.1486,-114.855
FOREMOST,3032640,AB,49.477,-111.4464
FORESTBURG PLANT SITE,3012652,AB,52.4675,-112.1203
FORT CHIPEWYAN A,3072658,AB,58.7667,-111.1167
FORT ERIE,6132470,ON,42.8833,-78.9667
FORT FRANCES A,6022476,ON,48.65,-93.4333
FORT LIARD A,2201575,NT,60.235,-123.4669
FORT MCMURRAY A,3062693,AB,56.65,-111.2167
FORT NELSON A,1192940,BC,58.8364,-122.5972
FORT SASKATCHEWAN,3012710,AB,53.7167,-113.1833
FORT SIMPSON A,2202101,NT,61.7603,-121.2367
FORT SMITH A,2202200,NT,60.0203,-111.9619
FORT ST JAMES,1092970,BC,54.4553,-124.2856
FORT ST JOHN A,1183000,BC,56.2381,-120.7403
FORTIERVILLE,7022494,QC,46.4833,-72.05
FRASER LAKE NORTH SHORE,109C0LF,BC,54.0783,-124.8472
FREDERICTON A,8101500,NB,45.8721,-66.5279
FRONTIER,4032766,SK,49.2,-108.5667
GABRIOLA ISLAND,1023042,BC,49.1539,-123.7336
GAGETOWN 2,8101800,NB,45.7833,-66.15
GAMBIER HARBOUR,1043048,BC,49.4431,-123.4325
GANDER INT'L A,8401700,NL,48.9464,-54.5769
GASPE A,7052605,QC,48.7769,-64.4781
GEORGETOWN WWTP,6152695,ON,43.64,-79.8792
GERALDTON A,6042716,ON,49.7828,-86.9306
GERMANSEN LANDING,1183090,BC,55.7855,-124.7014
GIBSONS GOWER POINT,1043152,BC,49.3856,-123.5414
GILBERT PLAINS,5040985,MB,51.1,-100.4667
GILLAM A,5061001,MB,56.3575,-94.7106
GLACIER NP MT FIDELITY,117CA90,BC,51.2382,-117.7015
GLACIER NP ROGERS PASS,1173191,BC,51.3017,-117.5167
GLEICHEN,3032800,AB,50.8833,-113.05
GLEN ALLAN,6142803,ON,43.6839,-80.7103
GLENLEA,5021054,MB,49.65,-97.1167
GOLD RIVER TOWNSITE,1033232,BC,49.7789,-126.055
GOLDEN A,1173210,BC,51.2992,-116.9822
GOLDEN PRAIRIE,4022936,SK,50.1833,-109.8
GOLDSTREAM RIVER,1173242,BC,51.6297,-118.4247
GOOSE A,8501900,NL,53.3167,-60.4167
GRANBY,7022800,QC,45.3833,-72.7167
GRAND FORKS,1133270,BC,49.0262,-118.4657
GRAND RAPIDS HYDRO,5031111,MB,53.1581,-99.2833
GRANDE ANSE,7072816,QC,47.1,-72.9333
GRANDE PRAIRIE A,3072920,AB,55.1797,-118.885
GRANDES BERGERONNES,7042840,QC,48.25,-69.5167
GREEN ISLAND,1063298,BC,54.5686,-130.7081
GREEN RIDGE,5021205,MB,49.1667,-96.9833
GREENWOOD A,8202000,NS,44.9833,-64.9167
GROSSE ISLE,5021225,MB,50.05,-97.4333
GROVEDALE RS,3072970,AB,55.0167,-118.8
GWYNNE,3012990,AB,52.95,-113.1833
HALIFAX CITADEL,8202220,NS,44.65,-63.5833
HALIFAX STANFIELD INT'L A,8202250,NS,44.88,-63.5
HALL BEACH A,2402350,NU,68.7758,-81.2425
HAMILTON A,6153194,ON,43.1717,-79.9342
HANDSWORTH,4013098,SK,49.8333,-102.8667
HANEY EAST,1103326,BC,49.2044,-122.5583
HANEY UBC RF ADMIN,1103332,BC,49.2645,-122.5732
HANOVER,6113329,ON,44.1164,-81.0058
HARBOUR BRETON,8402071,NL,47.4667,-55.8333
HARCOURT,8102151,NB,46.5,-65.2667
HARTINGTON IHD,6103367,ON,44.4281,-76.6903
HAY RIVER A,2202400,NT,60.8397,-115.7828
HEDLEY,1123360,BC,49.3572,-120.0767
HEMMINGFORD FOUR WINDS,7023075,QC,45.0667,-73.7167
HIGH LEVEL A,3073146,AB,58.6214,-117.1647
HIGH RIVER,3033240,AB,50.4833,-114.1667
HIGHLAND VALLEY LORNEX,1123469,BC,50.4667,-121.0167
HILLMOND,4043246,SK,53.4422,-109.7233
HIXON,1093474,BC,53.5314,-122.6994
HODGSON 2,5031301,MB,51.1861,-97.4651
HOLDEN SOUTH,3013C44,AB,53.0833,-112.2667
HOPE SLIDE,1113581,BC,49.2667,-121.2333
HUXLEY,3023422,AB,51.9106,-113.4331
IBERVILLE,7023270,QC,45.3333,-73.25
IDDESLEIGH,3023430,AB,50.7397,-111.3209
ILDERTON BEAR CREEK,6143722,ON,43.05,-81.4333
INDIAN BAY,5031320,MB,49.6239,-95.1972
INDIAN HEAD CDA,4013480,SK,50.55,-103.65
ISLAND FALLS,4063560,SK,55.5333,-102.35
ISLAND LAKE A,5061376,MB,53.85,-94.65
ISLE AUX MORTS,8402450,NL,47.5833,-58.9667
JANETVILLE,6153853,ON,44.2167,-78.6333
JASPER EAST GATE,3063523,AB,53.2333,-117.8167
JOE RICH CREEK,1123750,BC,49.8572,-119.1261
JOLIETTE VILLE,7013362,QC,46.0167,-73.4333
JUNIPER,8102275,NB,46.55,-67.1667
KAMLOOPS A,1163780,BC,50.7022,-120.4419
KANANASKIS,3053600,AB,51.0275,-115.0347
KANANASKIS POCATERRA,3053604,AB,50.7125,-115.12
KAPUSKASING A,6073975,ON,49.4139,-82.4675
KAPUSKASING CDA,6073960,ON,49.4,-82.4333
KASLO,1143900,BC,49.9127,-116.9206
KAYBOB 3,3063620,AB,54.1139,-116.6311
KEG RIVER RS,3073641,AB,57.75,-117.6167
KELLIHER,4013660,SK,51.2574,-103.753
KELOWNA A,1123970,BC,49.9561,-119.3778
KELOWNA PC BURNETTS NURSERY,1123992,BC,49.8742,-119.4835
KEMANO,1064020,BC,53.5631,-127.9428
KENORA A,6034075,ON,49.7903,-94.3653
KERROBERT,4043750,SK,51.9717,-109.0481
KEY LAKE,4063755,SK,57.25,-105.6167
KINDERSLEY A,4043900,SK,51.5167,-109.1833
KING SMOKE TREE,6154142,ON,44.0167,-79.5167
KINGSTON PUMPING STATION,6104175,ON,44.2439,-76.4806
KINGSVILLE MOE,6134190,ON,42.0431,-82.6739
KIPLING,4014040,SK,50.2,-102.7333
KITIMAT 2,1064321,BC,54.0097,-128.705
KITIMAT TOWNSITE,1064320,BC,54.0536,-128.6342
KLEENA KLEENE 2,1084351,BC,51.9778,-124.9903
KOOTENAY NP WEST GATE,1154410,BC,50.6308,-116.0614
KUGAARUK A,2303092,NU,68.5406,-89.7972
KUGLUKTUK A,2300902,NU,67.8167,-115.1439
KUUJJUAQ A,7113534,QC,58.1,-68.4167
KUUJJUARAPIK A,7103536,QC,55.2833,-77.75
LA GRANDE RIVIERE A,7093715,QC,53.6333,-77.7
LA RONGE A,4064150,SK,55.15,-105.2667
LAC BERRY,709CEE9,QC,48.8,-78.2833
LAC BOUCHETTE,7063560,QC,48.2167,-72.1667
LAC HUMQUI,7053649,QC,48.2833,-67.5667
LAC STE CROIX,7063690,QC,48.4167,-71.75
LACHUTE,7033650,QC,45.65,-74.3333
LANGARA,1054500,BC,54.2552,-133.058
LANGENBURG,4014145,SK,50.9,-101.7167
LANGRUTH,5041530,MB,50.4,-98.55
LAST MOUNTAIN CS,4014156,SK,51.4167,-105.25
LAURIERVILLE,7024250,QC,46.3333,-71.6667
LAUZON,7024254,QC,46.8167,-71.1
LAVOY,3013770,AB,53.5333,-111.8667
LENNARD ISLAND,1034600,BC,49.1106,-125.9233
LEROY,4014322,SK,52,-104.6333
LETHBRIDGE,8402544,NL,48.35,-53.9017
LETHBRIDGE A,3033880,AB,49.6303,-112.7997
LINDSAY FROST,6164433,ON,44.3384,-78.7403
LIPTON,4014480,SK,50.85,-103.7667
LIVERPOOL BIG FALLS,8203100,NS,44.1333,-64.9333
LLOYDMINSTER A,3013961,AB,53.3092,-110.0725
LOIS RIVER DAM,1044710,BC,49.7953,-124.3181
LONDON INT'L AIRPORT,6144475,ON,43.0331,-81.1511
LONG RIVER,8300500,PE,46.5,-63.55
LOON LAKE CDA EPF,4064600,SK,54.05,-109.1
LOUISBOURG,8203161,NS,45.9,-60
LUNCH LAKE,1084731,BC,51.8244,-124.4665
LUPIN A,23026HN,NU,65.7592,-111.25
LUSKVILLE,7034365,QC,45.5333,-76.05
LYNDHURST SHAWMERE,6104725,ON,44.5167,-76.0833
LYNN LAKE A,5061646,MB,56.8639,-101.0761
LYONS BROOK,8203230,NS,45.6583,-62.7967
MACDONALD,5041670,MB,50.1667,-98.5
MACOUN,4014870,SK,49.2333,-103.2333
MADDEN,3024150,AB,51.5042,-114.3239
MAGOG,7024440,QC,45.2667,-72.1167
MAIN BROOK,840KE88,NL,51.1833,-56.0167
MALIBU JERVIS INLET,1044840,BC,50.165,-123.8536
MANITOU STRANGE,5021687,MB,49.25,-98.5167
MANKOTA,4034910,SK,49.0992,-107.0245
MAPLE CREEK NORTH,4024936,SK,50,-109.4667
MAPLETON,8102566,NB,46.1833,-67.2333
MARGO,4015020,SK,51.8333,-103.3333
MARIEVILLE,7024627,QC,45.4,-73.1333
MARKERVILLE,3024210,AB,52.1167,-114.1333
MARQUETTE,5021695,MB,50.0134,-97.8071
MARYFIELD,4015045,SK,49.8333,-101.5167
MARYSVILLE,1154909,BC,49.6371,-115.9571
MASINASIN,3044230,AB,49.1267,-111.6542
MASSEY,6065006,ON,46.1931,-82.0247
MAYO A,2100700,YT,63.6167,-135.8667
MAYO ROAD,2100709,YT,60.8764,-135.1828
MCCREARY,5043158,MB,50.7119,-99.53
MCINNES ISLAND,1065010,BC,52.2617,-128.7194
MEADOW LAKE A,4065058,SK,54.1333,-108.5167
MEDICINE HAT A,3034480,AB,50.0189,-110.7208
MERRITT STP,1125079,BC,50.1142,-120.8008
MERRY ISLAND LIGHTSTATION,1045100,BC,49.4675,-123.9125
METCHOSIN,1015105,BC,48.3742,-123.5614
MIAMI ORCHARD,5021736,MB,49.3667,-98.2833
MICA DAM,1175122,BC,52.0531,-118.5853
MIDDLE MUSQUODOBOIT,8203535,NS,45.0667,-63.1
MIDDLEBORO,8203510,NS,45.7667,-63.5667
MILAN,7024920,QC,45.5833,-71.1167
MILLGROVE,6155183,ON,43.3167,-79.9667
MINDEN,6165195,ON,44.9333,-78.7167
MINE CENTRE,6025203,ON,48.7667,-92.6167
MIRAMICHI A,8101000,NB,47.0095,-65.4678
MISSION WEST ABBEY,1105192,BC,49.1525,-122.2706
MONARCH,3034596,AB,49.8145,-113.1609
MONCTON,8103100,NB,46.1014,-64.7903
MONCTON A,8103200,NB,46.1053,-64.6838
MONITOR,3014600,AB,52.0167,-110.55
MONT BRUN,7085106,QC,48.4167,-78.7333
MONT-JOLI A,7055120,QC,48.6,-68.2167
MONTEBELLO (SEDBERGH),7035110,QC,45.7,-74.9333
MONTICELLO,8300447,PE,46.4667,-62.4667
MONTREAL/MIRABEL INT'L A,7035290,QC,45.6667,-74.0333
MONTREAL/PIERRE ELLIOTT TRUDEAU INTL A,7025250,QC,45.4667,-73.75
MONTREAL/ST-HUBERT A,7027320,QC,45.5167,-73.4167
MOOSE WALLOW,3064657,AB,54.2333,-115.0167
MOOSONEE UA,6075425,ON,51.2667,-80.65
MORRIS 2,5021965,MB,49.4333,-97.4833
MORRISBURG,6105460,ON,44.9236,-75.1883
MOSSLEIGH,3034675,AB,50.6594,-113.2814
MOSSLEIGH BURNAY,3034676,AB,50.7172,-113.3019
MOUNT CARLETON,8103256,NB,47.4167,-66.9333
MOUNTAIN VIEW,3034720,AB,49.127,-113.63
MOUNTAINVIEW,615EMR7,ON,44.052,-77.3017
MUD BAY,1025240,BC,49.4708,-124.7942
MUENSTER,4015440,SK,52.3333,-105
MUNCHO LAKE,1195250,BC,58.93,-125.7667
MUSGRAVE HARBOUR,8402770,NL,49.45,-53.9833
MUSKOKA A,6115525,ON,44.9667,-79.3
MYRTLE,5021975,MB,49.4,-97.7833
N VAN SEYMOUR HATCHERY,110N666,BC,49.4375,-122.9669
N VANC SONORA DR,110N6FF,BC,49.3625,-123.0975
N VANCOUVER 2ND NARROWS,1105666,BC,49.2979,-123.0149
N VANCOUVER WHARVES,1105669,BC,49.3148,-123.1153
NAIN A,8502800,NL,56.55,-61.6833
NANAIMO A,1025370,BC,49.0544,-123.87
NANAIMO CITY YARD,10253G0,BC,49.1991,-123.9879
NAPPAN CDA,8203700,NS,45.7667,-64.25
NARCISSE,5031991,MB,50.6667,-97.65
NASS CAMP,1075384,BC,55.2375,-129.0297
NATASHQUAN A,7045400,QC,50.1833,-61.8167
NEEPAWA WATER,5042005,MB,50.2167,-99.4667
NEW DENVER,1145460,BC,49.9958,-117.3703
NEW GLASGOW,6135583,ON,42.5145,-81.6361
NEW GLASGOW,8300497,PE,46.4089,-63.3503
NIAGARA FALLS NPCSH,6135657,ON,43.1333,-79.05
NICOLET,7025440,QC,46.2,-72.6167
NICTAU,8103700,NB,47.2333,-67.15
NIPAWIN A,4075518,SK,53.3333,-104
NITINAT RIVER HATCHERY,1035612,BC,48.8594,-124.6553
NOKOMIS,4015560,SK,51.5167,-105
NOMININGUE,7035520,QC,46.4,-75.0833
NOOTKA LIGHTSTATION,1035614,BC,49.6,-126.6167
NORDEGG RS,3054845,AB,52.5,-116.05
NORMAN WELLS A,2202800,NT,65.2825,-126.8003
NORTH BATTLEFORD A,4045600,SK,52.7719,-108.2556
NORTH BAY A,6085700,ON,46.3636,-79.4228
NORTH COWICHAN,1015628,BC,48.8242,-123.7183
NORWAY HOUSE A,506B047,MB,53.95,-97.85
NOTRE DAME DES BOIS,7025670,QC,45.4,-71.0833
O'LEARY,8300525,PE,46.7003,-64.2617
OAKNER,5012054,MB,50.1,-100.6333
OKA,7015730,QC,45.5,-74.0667
OLD CROW A,2100800,YT,67.5706,-139.8392
OLDS,3024920,AB,51.7833,-114.1
OLIVER STP,1125766,BC,49.179,-119.5447
OOTSA L SKINS L SPILLWAY,1085835,BC,53.7722,-125.9966
ORANGEVILLE MOE,6155790,ON,43.9184,-80.0864
ORMSTOWN,7025745,QC,45.1167,-74.05
OSHAWA WPCP,6155878,ON,43.8667,-78.8333
OSOYOOS WEST,1125865,BC,49.0319,-119.4428
OSTENFELD,503B0NE,MB,49.8167,-96.4833
OTTAWA CDA,6105976,ON,45.3833,-75.7167
OTTAWA MACDONALD-CARTIER INT'L A,6106000,ON,45.3225,-75.6692
OUTLOOK PFRA,4055736,SK,51.4833,-107.05
OWEN SOUND MOE,6116132,ON,44.5833,-80.9333
PACHENA POINT,1035940,BC,48.7228,-125.0972
PADDLE RIVER,3064964,AB,54.0333,-114.75
PARADISE VALLEY,3014995,AB,53.1167,-110.35
PARRSBORO,8204400,NS,45.4,-64.3333
PASWEGIN,4015960,SK,51.9833,-103.9167
PEACE RIVER A,3075040,AB,56.2269,-117.4472
PEACHLAND,1126070,BC,49.7833,-119.7167
PELLY,4086000,SK,52.0833,-101.8667
PELLY RANCH,2100880,YT,62.83,-137.3108
PENNFIELD,8103845,NB,45.1,-66.7333
PENTICTON A,1126150,BC,49.4631,-119.6022
PETERBOROUGH A,6166418,ON,44.2333,-78.3667
PETERBOROUGH TRENT U,6166455,ON,44.3667,-78.3
PETROLIA TOWN,6126499,ON,42.8833,-82.1667
PHILIPSBURG,7026040,QC,45.0333,-73.0833
PICKLE LAKE A,6016527,ON,51.4464,-90.2142
PIERREVILLE,7026043,QC,46.0833,-72.8333
PIERSON,5012080,MB,49.1833,-101.2667
PILGER,4056120,SK,52.4167,-105.15
PINAWA WNRE,5032162,MB,50.1806,-96.0583
PINEY,5022171,MB,49.0309,-96.0058
PITT POLDER,1106180,BC,49.2732,-122.6306
PLEASANT CAMP,1206197,BC,59.45,-136.3667
PLUM COULEE,5022245,MB,49.05,-97.8
PLUM POINT,8402958,NL,51.0667,-56.8833
POCKWOCK LAKE,8204453,NS,44.7667,-63.8333
POINT LEAMINGTON,8402966,NL,49.3333,-55.4
POND INLET A,2403201,NU,72.6894,-77.9689
PORT ALICE,1036240,BC,50.3858,-127.4553
PORT COLBORNE,6136606,ON,42.8833,-79.25
PORT HARDY A,1026270,BC,50.6803,-127.3661
PORT RENFREW,1016335,BC,48.5917,-124.3264
PORTAGE LA PRAIRIE CDA,5012321,MB,49.95,-98.2667
POWASSAN,6116702,ON,46.1167,-79.25
POWELL RIVER A,1046391,BC,49.8342,-124.5003
PRINCE ALBERT A,4056240,SK,53.2167,-105.6667
PRINCE GEORGE 15NW,1096458,BC,54.0531,-122.7358
PRINCE GEORGE A,1096450,BC,53.8908,-122.6789
PRINCE GEORGE STP,1096468,BC,53.88,-122.7675
PRINCE RUPERT A,1066481,BC,54.2925,-130.4447
PRINCE RUPERT MONT CIRC,1066488,BC,54.3203,-130.29
PRINCETON A,1126510,BC,49.4678,-120.5125
PROTON STATION,6116750,ON,44.1667,-80.5167
PUGWASH,8204525,NS,45.8433,-63.6553
QU'APPELLE 1,4016322,SK,50.5667,-103.9833
QUALICUM R FISH RESEARCH,1026565,BC,49.3938,-124.6172
QUATSINO,1036570,BC,50.5336,-127.6533
QUATSINO LIGHTSTATION,1036572,BC,50.4411,-128.0325
QUEBEC/JEAN LESAGE INTL A,7016294,QC,46.8,-71.3833
QUEENSTOWN,3035340,AB,50.6064,-112.9833
QUESNEL A,1096630,BC,53.0261,-122.51
QUINSAM RIVER HATCHERY,1026639,BC,50.0161,-125.3039
QUINTON,4016335,SK,51.35,-104.4167
RANFURLY 2NW,3015405,AB,53.4167,-111.7333
RANKIN INLET A,2303401,NU,62.8167,-92.1167
RAPIDE DES JOACHIMS,7086380,QC,46.2,-77.7
RATTLING BRK NORRIS ARM,8403085,NL,49.0667,-55.3
RAWSON LAKE,6036904,ON,49.65,-93.7167
RED DEER,3025441,AB,52.3108,-113.7922
RED DEER A,3025480,AB,52.1786,-113.8931
RED LAKE A,6016975,ON,51.0669,-93.7931
REGINA GILMOUR,4016651,SK,50.5667,-104.8333
REGINA INT'L A,4016560,SK,50.4333,-104.6667
RESOLUTE CARS,2403500,NU,74.7169,-94.9694
REXTON,8104400,NB,46.6667,-64.8667
RICHMOND HILL,6157012,ON,43.8772,-79.4478
RICHMOND NATURE PARK,1106PF7,BC,49.1708,-123.0931
RIDGEVILLE,6137161,ON,43.0417,-79.325
RIMOUSKI,7056480,QC,48.45,-68.5167
RIVIERE AU TONNERRE,704FEG0,QC,50.2833,-64.7833
RIVIERE DES PRAIRIES,7026612,QC,45.7,-73.5
RIVIERE VERTE OUEST,7016675,QC,46.9833,-71.8333
ROBERVAL A,7066685,QC,48.5167,-72.2667
ROCANVILLE,4016842,SK,50.4667,-101.55
ROCK POINT,4026847,SK,51.1539,-107.2633
RONAN,3065541,AB,53.8833,-115.25
ROSEVILLE,6147188,ON,43.3536,-80.4736
RUDDELL,4046977,SK,52.5833,-107.85
RUSKVIEW,6147229,ON,44.2333,-80.1333
RUSSELL,6107247,ON,45.2628,-75.3595
SAANICHTON CDA,1016940,BC,48.6217,-123.4189
SAANICHTON MT NEWTON,1016RM0,BC,48.5975,-123.4272
SABREVOIS,7026734,QC,45.2167,-73.2
SACKVILLE,8104501,NB,45.85,-64.3833
SAINT JOHN A,8104900,NB,45.3181,-65.8856
SAINT MICHEL,7057567,QC,46.8667,-70.8833
SALMON ARM A,1166R45,BC,50.6856,-119.2336
SALMON HOLE,8205000,NS,44.9333,-64.0333
SALTSPRING ST MARY'S L,1016995,BC,48.8881,-123.5464
SANDSPIT A,1057050,BC,53.2539,-131.8131
SARDIS,1107080,BC,49.0819,-121.8947
SARNIA AIRPORT,6127514,ON,42.9922,-82.3047
SASKATOON DIEFENBAKER INT'L A,4057120,SK,52.1667,-106.7167
SASKATOON SRC,4057180,SK,52.15,-106.6
SASKATOON WATER TP,4057202,SK,52.1167,-106.6833
SAULT STE MARIE A,6057592,ON,46.4833,-84.5094
SCOTT,7027840,QC,46.5,-71.0833
SEPT-ILES A,7047910,QC,50.2167,-66.2667
SEYMOUR FALLS,1107200,BC,49.4403,-122.9711
SHANTY BAY,6117684,ON,44.3995,-79.6328
SHAUNAVON 3,4027486,SK,49.9,-108.4167
SHAWNIGAN LAKE,1017230,BC,48.6469,-123.6264
SHEARWATER A,8205090,NS,44.6333,-63.5
SHEENBORO,7038080,QC,45.9667,-77.25
SHINING BANK,3065885,AB,53.85,-115.9667
SIMONETTE,3075937,AB,54.4247,-117.7411
SIOUX LOOKOUT A,6037775,ON,50.1167,-91.9
SMITHERS A,1077500,BC,54.8247,-127.1828
SOOKE LAKE NORTH,1017563,BC,48.5756,-123.64
SOPS ARM WHITE BAY,8403690,NL,49.7667,-56.8833
SOREL,7028200,QC,46.0333,-73.1167
SOURIS,5012719,MB,49.65,-100.25
SPARWOOD,1157630,BC,49.7453,-114.8828
SPENCES BRIDGE NICOLA,1167637,BC,50.4218,-121.3147
SPOKIN LAKE 4E,1097646,BC,52.1836,-121.6861
SPRINGBANK A,303F0PP,AB,51.1031,-114.3744
SPRINGFIELD,8205200,NS,44.6667,-64.85
ST ALBAN,7016800,QC,46.7167,-72.0833
ST ALEXIS DES MONTS,7016816,QC,46.5333,-73.15
ST ALPHONSE,5012545,MB,49.45,-99.0167
ST AMBROISE,5042546,MB,50.2333,-98.0333
ST AMBROISE,7066820,QC,48.5667,-71.3333
ST ANICET,7026836,QC,45.1333,-74.35
ST CAMILLE,7056930,QC,46.4833,-70.2167
ST CHARLES DE MANDEVILLE,7016960,QC,46.35,-73.35
ST CLAUDE,5022550,MB,49.65,-98.3667
ST COME,7017080,QC,46.2833,-73.75
ST COME DE LINIERE,7027083,QC,46.05,-70.5167
ST EPHREM,7027200,QC,46.0667,-70.9667
ST FERDINAND,7027248,QC,46.1,-71.5833
ST FLAVIEN,7027259,QC,46.4833,-71.5667
ST GEORGES,7027283,QC,46.15,-70.7
ST HIPPOLYTE,7037310,QC,45.9833,-74
ST HYACINTHE 2,7027361,QC,45.5667,-72.9167
ST JOHN'S A,8403506,NL,47.6222,-52.7428
ST LABRE,5022575,MB,49.3525,-96.035
ST LEONARD A,8104928,NB,47.1578,-67.8319
ST LINA,3015672,AB,54.3,-111.45
ST LUDGER,7027516,QC,45.75,-70.6833
ST MALO D AUCKLAND,7027520,QC,45.2,-71.5
ST MARGARET'S BAY,8204800,NS,44.7,-63.9
ST NARCISSE,7017585,QC,46.5333,-72.4333
ST NAZAIRE,7027588,QC,45.7333,-72.6167
ST PIERRE DE BROUGHTON,7027656,QC,46.25,-71.2167
ST PRIME,7067658,QC,48.6167,-72.4167
ST PROSPER,7027660,QC,46.2167,-70.5
ST SEBASTIEN,7027725,QC,45.7667,-70.95
ST THOMAS WPCP,6137362,ON,42.7683,-81.205
ST. ALBERT,6107276,ON,45.2872,-75.0636
STE ANNE DE LA PERADE,7016840,QC,46.5833,-72.2333
STE ANNE DU LAC,7036855,QC,46.85,-75.3333
STE BEATRIX,7016902,QC,46.2,-73.6
STE GENEVIEVE,7027280,QC,45.5,-73.85
STE GERMAINE,7057287,QC,46.4167,-70.4667
STE LUCIE,7057515,QC,46.7333,-70.0167
STE MADELEINE,7027517,QC,45.6167,-73.1333
STE ROSE,5042610,MB,51.0333,-99.3833
STE ROSE DU NORD,7047722,QC,48.4,-70.5333
STE THERESE OUEST,7017755,QC,45.65,-73.8833
STEINBACH,5022780,MB,49.5333,-96.7667
STEPHENVILLE A,8403800,NL,48.5333,-58.55
STEWART A,1067742,BC,55.9361,-129.985
STEWART VALLEY,4027775,SK,50.6,-107.8
STILLWATER POWER HOUSE,1047770,BC,49.7667,-124.3167
STONY MOUNTAIN,5022791,MB,50.1167,-97.1667
STONY RAPIDS A,4067PR5,SK,59.25,-105.8333
STRATFORD WWTP,6148105,ON,43.3689,-81.0047
STRATHCLAIR,5012796,MB,50.4,-100.4
STUIE TWEEDSMUIR LODGE,1067776,BC,52.3681,-126.0672
SUDBURY A,6068150,ON,46.6256,-80.7978
SUFFIELD A,3036240,AB,50.2667,-111.1833
SULLIVAN LAKE,3016253,AB,52.05,-111.95
SUMMERVILLE,8205650,NS,45.1167,-64.1833
SUNDRE GARRINGTON,3026259,AB,51.9667,-114.45
SURREY KWANTLEN PARK,1107873,BC,49.1922,-122.8597
SUSKWA VALLEY,107G879,BC,55.2886,-127.1706
SUSSEX,8105200,NB,45.7167,-65.5333
SUTTON,7028292,QC,45.0667,-72.6833
SWAN RIVER,5042800,MB,52.05,-101.2167
SWIFT CURRENT,8403825,NL,47.8853,-54.2131
SWIFT CURRENT CDA,4028060,SK,50.2667,-107.7333
SYDNEY A,8205700,NS,46.1667,-60.0481
TALOYOAK A,2403854,NU,69.55,-93.5833
TARA,6128206,ON,44.5195,-81.157
TATLAYOKO LAKE,1088010,BC,51.6747,-124.405
TAYLOR FLATS,1188020,BC,56.1667,-120.6878
TERRACE A,1068130,BC,54.4664,-128.5775
TERRACE PCC,1068131,BC,54.5019,-128.6247
THE PAS A,5052880,MB,53.9667,-101.1
THETFORD MINES,7028441,QC,46.1,-71.35
THOMPSON A,5062922,MB,55.8033,-97.8625
THORNBURY SLAMA,611HBEC,ON,44.5736,-80.4853
TIMMINS VICTOR POWER A,6078285,ON,48.5697,-81.3767
TOFIELD NORTH,3016494,AB,53.55,-112.75
TOFINO A,1038205,BC,49.0822,-125.7725
TOPLEY LANDING,1078209,BC,54.8158,-126.1631
TORONTO,6158350,ON,43.6667,-79.4
TORONTO BUTTONVILLE A,615HMAK,ON,43.8622,-79.37
TORONTO LESTER B. PEARSON INT'L A,6158733,ON,43.6772,-79.6306
TREELON,4038116,SK,49,-108.3833
TRENTON A,6158875,ON,44.1167,-77.5333
TROIS RIVIERES AQUEDUC,701HE63,QC,46.3833,-72.6167
TRURO,8205990,NS,45.3667,-63.2667
TUGASKE,4018160,SK,50.8833,-106.3
TURTLE MOUNTAIN 11,5022946,MB,49.1333,-100.1167
TURTLE MOUNTAIN 6,5012941,MB,49.3,-100.3167
TUSKET,8206100,NS,43.8833,-65.9833
TWAN CREEK,1098318,BC,52.4664,-122.6175
ULUKHAKTOK A,2502501,NT,70.7628,-117.8061
UPPER STEWIACKE,8206200,NS,45.2167,-63
VALLEE JONCTION,7028676,QC,46.3833,-70.9333
VALLEYFIELD,7028680,QC,45.2833,-74.1
VALLEYVIEW RS,3076675,AB,55.0667,-117.2667
VANCOUVER INT'L A,1108447,BC,49.195,-123.1819
VANDERHOOF,1098D90,BC,54.0333,-124.0167
VAVENBY,1168520,BC,51.5761,-119.7781
VEGREVILLE,3016GF0,AB,53.5053,-112.0978
VERCHERES,7028700,QC,45.7667,-73.3667
VERNON BELLA VISTA,1128553,BC,50.2642,-119.3101
VICTORIA INT'L A,1018620,BC,48.6472,-123.4258
VINELAND RITTENHOUSE,6139143,ON,43.1667,-79.4167
VIRDEN,5012960,MB,49.8333,-100.95
VOGAR,5043020,MB,50.9167,-98.75
WABASCA RS,3076908,AB,55.9667,-113.8333
WABUSH LAKE A,8504175,NL,52.9272,-66.8742
WARDNER KTNY HATCHERY,1158692,BC,49.4732,-115.4595
WARFIELD,1148700,BC,49.1,-117.75
WASA,1158730,BC,49.8073,-115.6308
WASECA,4048520,SK,53.1309,-109.4039
WATERLOO WELLINGTON A,6149387,ON,43.45,-80.3833
WATERVILLE CAMBRIDGE,8206222,NS,45.05,-64.65
WATROUS,4018640,SK,51.6667,-105.4667
WATSON LAKE A,2101200,YT,60.1165,-128.8223
WAWA A,6059D09,ON,47.9667,-84.7833
WELLAND,6139445,ON,42.9925,-79.2611
WESTWOLD,1168880,BC,50.4689,-119.7506
WETASKIWIN SOUTH,3017286,AB,52.6333,-113.3833
WEYBURN,4018760,SK,49.65,-103.8333
WHALE COVE A,2303986,NU,62.24,-92.5981
WHISTLER,1048898,BC,50.1289,-122.9548
WHITE ROCK,8206316,NS,45.05,-64.3833
WHITECOURT A,3067372,AB,54.1439,-115.7867
WHITEFISH LAKE,6049466,ON,48.2833,-89.9167
WHITEHORSE A,2101300,YT,60.7095,-135.0688
WHITESAND DAM,4068840,SK,56.2333,-103.15
WHITEWOOD,4018880,SK,50.35,-102.2667
WIARTON A,6119500,ON,44.7458,-81.1072
WILLIAM HEAD,1018935,BC,48.3397,-123.5386
WILLIAMS LAKE A,1098940,BC,52.1831,-122.0542
WILLIAMS LAKE RIVER,1098946,BC,52.1281,-122.1489
WILLMAR,4018960,SK,49.4167,-102.5
WINDSOR A,6139525,ON,42.2756,-82.9556
WINDSOR MARTOCK,8206415,NS,44.9333,-64.1667
WINFIELD,1128958,BC,50.0366,-119.4163
WINFIELD,3017595,AB,52.95,-114.5833
WINNIPEG RICHARDSON INT'L A,5023222,MB,49.9167,-97.2333
WINTERLAND,8404240,NL,47.1667,-55.3
WOODDALE BISHOP'S FALLS,8404310,NL,49.0333,-55.55
WOODROW,4029030,SK,49.5667,-106.7833
WOODSTOCK,6149625,ON,43.1361,-80.7706
WOODSTOCK,8105600,NB,46.1703,-67.5536
WRECK COVE BROOK,8206450,NS,46.5333,-60.45
WRIGHT,7038975,QC,46.0667,-76.05
WYNYARD,4019035,SK,51.7667,-104.2
YARMOUTH A,8206500,NS,43.8308,-66.0886
YELLOW GRASS,4019040,SK,49.8167,-104.1833
YELLOWKNIFE A,2204100,NT,62.4628,-114.4403
YORKTON A,4019080,SK,51.2667,-102.4667
